team,wins,losses,goals,total_yel_card,total_red_card,total_scoring_att,ontarget_scoring_att,hit_woodwork,att_hd_goal,att_pen_goal,att_freekick_goal,att_ibox_goal,att_obox_goal,goal_fastbreak,total_offside,clean_sheet,goals_conceded,saves,outfielder_block,interception,total_tackle,last_man_tackle,total_clearance,head_clearance,own_goals,penalty_conceded,pen_goals_conceded,total_pass,total_through_ball,total_long_balls,backward_pass,total_cross,corner_taken,touches,big_chance_missed,clearance_off_line,dispossessed,penalty_save,total_high_claim,punches,season
Manchester United,28.0,5.0,83.0,60.0,1.0,698.0,256.0,21.0,12.0,5.0,1.0,72.0,11.0,9.0,80.0,16.0,27.0,2.0,81.0,254.0,890.0,1.0,1222.0,,1.0,5.0,3.0,18723.0,,2397.0,,918.0,258.0,25686.0,,1.0,,2.0,37.0,25.0,2006-2007
Chelsea,24.0,3.0,64.0,62.0,4.0,636.0,216.0,14.0,16.0,3.0,6.0,41.0,23.0,6.0,127.0,22.0,24.0,4.0,74.0,292.0,982.0,0.0,1206.0,,1.0,3.0,2.0,16759.0,,2270.0,,897.0,231.0,24010.0,,2.0,,1.0,74.0,22.0,2006-2007
Liverpool,20.0,10.0,57.0,44.0,0.0,668.0,214.0,15.0,8.0,6.0,1.0,46.0,11.0,3.0,120.0,20.0,27.0,1.0,65.0,246.0,969.0,2.0,1115.0,,0.0,1.0,1.0,17154.0,,2800.0,,1107.0,282.0,24150.0,,1.0,,0.0,51.0,27.0,2006-2007
Arsenal,19.0,8.0,63.0,59.0,3.0,638.0,226.0,19.0,10.0,10.0,3.0,53.0,10.0,7.0,111.0,12.0,35.0,6.0,73.0,214.0,998.0,1.0,1202.0,,1.0,3.0,3.0,18458.0,,2045.0,,873.0,278.0,25592.0,,1.0,,0.0,88.0,27.0,2006-2007
Tottenham Hotspur,17.0,12.0,57.0,48.0,3.0,520.0,184.0,6.0,5.0,6.0,2.0,44.0,13.0,9.0,149.0,6.0,54.0,11.0,128.0,276.0,995.0,2.0,1412.0,,2.0,7.0,6.0,14914.0,,2408.0,,796.0,181.0,22200.0,,2.0,,0.0,51.0,24.0,2006-2007
Bolton Wanderers,16.0,14.0,47.0,84.0,4.0,404.0,120.0,7.0,10.0,6.0,0.0,38.0,9.0,3.0,95.0,12.0,52.0,13.0,101.0,235.0,811.0,0.0,1037.0,,3.0,8.0,6.0,12400.0,,2403.0,,942.0,217.0,18932.0,,6.0,,2.0,44.0,21.0,2006-2007
Reading,16.0,15.0,52.0,38.0,3.0,419.0,132.0,8.0,15.0,3.0,0.0,42.0,10.0,3.0,87.0,13.0,47.0,4.0,95.0,277.0,855.0,0.0,1022.0,,3.0,6.0,6.0,11232.0,,2378.0,,1067.0,280.0,18017.0,,2.0,,0.0,63.0,21.0,2006-2007
Blackburn Rovers,15.0,16.0,52.0,77.0,6.0,478.0,155.0,5.0,12.0,5.0,3.0,43.0,9.0,2.0,142.0,8.0,54.0,22.0,114.0,282.0,864.0,2.0,1095.0,,2.0,11.0,6.0,14033.0,,2544.0,,911.0,205.0,20812.0,,8.0,,5.0,56.0,25.0,2006-2007
Everton,15.0,10.0,52.0,65.0,2.0,465.0,153.0,9.0,9.0,8.0,2.0,44.0,8.0,3.0,81.0,14.0,36.0,5.0,120.0,303.0,860.0,1.0,1386.0,,3.0,4.0,2.0,12274.0,,2288.0,,867.0,208.0,19250.0,,2.0,,1.0,83.0,15.0,2006-2007
Portsmouth,14.0,12.0,45.0,48.0,1.0,525.0,186.0,9.0,13.0,2.0,0.0,32.0,13.0,2.0,141.0,12.0,42.0,14.0,96.0,220.0,948.0,1.0,1164.0,,0.0,8.0,6.0,12616.0,,2276.0,,783.0,247.0,19377.0,,4.0,,2.0,79.0,30.0,2006-2007
Middlesbrough,12.0,16.0,44.0,64.0,2.0,454.0,144.0,7.0,7.0,4.0,1.0,37.0,7.0,3.0,89.0,9.0,49.0,18.0,119.0,238.0,841.0,1.0,1243.0,,1.0,7.0,7.0,12779.0,,2403.0,,769.0,187.0,19199.0,,5.0,,0.0,78.0,37.0,2006-2007
West Ham United,12.0,21.0,35.0,85.0,2.0,461.0,134.0,8.0,3.0,1.0,2.0,27.0,8.0,3.0,92.0,9.0,59.0,4.0,132.0,233.0,860.0,1.0,1232.0,,2.0,4.0,4.0,13178.0,,2403.0,,849.0,196.0,20040.0,,5.0,,0.0,64.0,25.0,2006-2007
Aston Villa,11.0,10.0,43.0,48.0,1.0,470.0,154.0,9.0,5.0,6.0,1.0,34.0,9.0,6.0,147.0,13.0,41.0,1.0,115.0,221.0,936.0,0.0,1212.0,,1.0,4.0,3.0,13254.0,,2152.0,,886.0,213.0,20002.0,,5.0,,0.0,57.0,26.0,2006-2007
Manchester City,11.0,18.0,29.0,59.0,4.0,454.0,147.0,5.0,3.0,2.0,0.0,23.0,6.0,5.0,142.0,14.0,44.0,0.0,110.0,234.0,986.0,1.0,1213.0,,2.0,3.0,2.0,12765.0,,2059.0,,811.0,198.0,19378.0,,4.0,,1.0,64.0,17.0,2006-2007
Newcastle United,11.0,17.0,38.0,65.0,1.0,454.0,140.0,11.0,8.0,5.0,0.0,30.0,8.0,6.0,102.0,7.0,47.0,5.0,141.0,361.0,965.0,0.0,1004.0,,2.0,2.0,2.0,14628.0,,2649.0,,793.0,195.0,21213.0,,9.0,,0.0,48.0,26.0,2006-2007
Sheffield United,10.0,20.0,32.0,68.0,2.0,483.0,147.0,14.0,10.0,2.0,2.0,25.0,7.0,2.0,82.0,9.0,55.0,3.0,122.0,203.0,917.0,2.0,1217.0,,2.0,8.0,7.0,11123.0,,2248.0,,800.0,178.0,17713.0,,8.0,,1.0,43.0,21.0,2006-2007
Wigan Athletic,10.0,20.0,37.0,73.0,3.0,474.0,147.0,9.0,6.0,3.0,1.0,31.0,6.0,2.0,84.0,10.0,59.0,13.0,91.0,204.0,809.0,0.0,1206.0,,5.0,7.0,5.0,11353.0,,2418.0,,813.0,177.0,17564.0,,4.0,,2.0,61.0,29.0,2006-2007
Charlton Athletic,8.0,20.0,34.0,56.0,4.0,418.0,133.0,11.0,6.0,4.0,1.0,27.0,7.0,2.0,96.0,11.0,60.0,5.0,138.0,340.0,919.0,0.0,1483.0,,2.0,7.0,5.0,12722.0,,2466.0,,750.0,178.0,19497.0,,7.0,,2.0,50.0,13.0,2006-2007
Fulham,8.0,15.0,38.0,56.0,3.0,451.0,142.0,8.0,8.0,3.0,1.0,30.0,8.0,0.0,94.0,7.0,60.0,12.0,98.0,198.0,901.0,0.0,1386.0,,2.0,8.0,6.0,11820.0,,2214.0,,895.0,173.0,18720.0,,6.0,,1.0,45.0,22.0,2006-2007
Watford,5.0,20.0,29.0,45.0,2.0,418.0,135.0,10.0,4.0,3.0,0.0,24.0,5.0,0.0,122.0,9.0,59.0,17.0,117.0,221.0,744.0,1.0,1179.0,,5.0,6.0,5.0,10175.0,,2263.0,,983.0,212.0,16772.0,,3.0,,0.0,63.0,15.0,2006-2007
Manchester United,27.0,5.0,80.0,51.0,2.0,696.0,260.0,16.0,12.0,6.0,6.0,64.0,16.0,7.0,100.0,21.0,22.0,2.0,96.0,446.0,978.0,2.0,2022.0,1140.0,0.0,1.0,1.0,17422.0,90.0,2417.0,,936.0,261.0,26620.0,,10.0,627.0,0.0,47.0,23.0,2007-2008
Chelsea,25.0,3.0,65.0,63.0,5.0,605.0,199.0,12.0,10.0,7.0,1.0,52.0,13.0,3.0,128.0,21.0,26.0,4.0,101.0,506.0,917.0,4.0,1687.0,851.0,0.0,3.0,3.0,17252.0,91.0,2154.0,,945.0,253.0,26290.0,,8.0,687.0,0.0,62.0,19.0,2007-2008
Arsenal,24.0,3.0,74.0,55.0,3.0,627.0,208.0,13.0,14.0,5.0,1.0,65.0,9.0,7.0,110.0,15.0,31.0,0.0,91.0,505.0,878.0,1.0,1840.0,926.0,2.0,4.0,3.0,18831.0,92.0,1946.0,,888.0,234.0,28156.0,,2.0,776.0,1.0,45.0,26.0,2007-2008
Liverpool,21.0,4.0,67.0,45.0,1.0,686.0,214.0,13.0,7.0,5.0,2.0,51.0,16.0,7.0,93.0,18.0,28.0,0.0,83.0,614.0,1089.0,2.0,1952.0,1060.0,2.0,5.0,4.0,16360.0,57.0,2761.0,,932.0,237.0,25857.0,,4.0,613.0,1.0,42.0,22.0,2007-2008
Everton,19.0,11.0,55.0,40.0,3.0,474.0,169.0,4.0,13.0,1.0,1.0,48.0,7.0,7.0,73.0,14.0,33.0,0.0,133.0,496.0,816.0,2.0,2136.0,1006.0,1.0,4.0,4.0,12397.0,28.0,2142.0,,877.0,198.0,21360.0,,8.0,620.0,0.0,55.0,20.0,2007-2008
Aston Villa,16.0,10.0,71.0,54.0,4.0,511.0,182.0,11.0,16.0,6.0,5.0,55.0,16.0,3.0,115.0,9.0,51.0,3.0,139.0,461.0,885.0,0.0,2220.0,1183.0,3.0,4.0,2.0,11438.0,30.0,1982.0,,932.0,229.0,20734.0,,6.0,655.0,2.0,40.0,14.0,2007-2008
Portsmouth,16.0,13.0,48.0,55.0,3.0,559.0,160.0,9.0,4.0,4.0,2.0,35.0,13.0,6.0,95.0,16.0,40.0,4.0,105.0,521.0,963.0,1.0,2103.0,1029.0,3.0,4.0,2.0,12794.0,37.0,2278.0,,663.0,184.0,21907.0,,4.0,683.0,2.0,77.0,28.0,2007-2008
Blackburn Rovers,15.0,10.0,50.0,72.0,6.0,530.0,185.0,14.0,11.0,5.0,1.0,40.0,10.0,3.0,95.0,8.0,48.0,0.0,116.0,550.0,833.0,3.0,2065.0,1003.0,1.0,6.0,4.0,13650.0,31.0,2281.0,,883.0,196.0,22599.0,,5.0,532.0,2.0,59.0,27.0,2007-2008
Manchester City,15.0,13.0,45.0,50.0,4.0,423.0,143.0,5.0,5.0,2.0,2.0,34.0,11.0,3.0,103.0,11.0,53.0,4.0,151.0,482.0,916.0,3.0,1852.0,819.0,2.0,4.0,2.0,15149.0,45.0,2289.0,,695.0,156.0,23416.0,,7.0,559.0,2.0,45.0,43.0,2007-2008
West Ham United,13.0,15.0,42.0,63.0,1.0,500.0,154.0,15.0,7.0,2.0,2.0,34.0,8.0,3.0,117.0,8.0,50.0,1.0,142.0,444.0,848.0,1.0,1952.0,978.0,1.0,6.0,2.0,13773.0,39.0,2376.0,,910.0,207.0,22347.0,,8.0,511.0,3.0,77.0,19.0,2007-2008
Newcastle United,11.0,17.0,45.0,63.0,1.0,481.0,153.0,10.0,10.0,4.0,2.0,34.0,10.0,1.0,102.0,8.0,65.0,0.0,132.0,553.0,876.0,1.0,1823.0,874.0,1.0,2.0,2.0,13947.0,31.0,2420.0,,966.0,209.0,22761.0,,8.0,717.0,0.0,35.0,20.0,2007-2008
Sunderland,11.0,21.0,36.0,65.0,4.0,483.0,137.0,7.0,10.0,1.0,0.0,31.0,5.0,2.0,75.0,7.0,59.0,0.0,125.0,650.0,892.0,0.0,2051.0,1031.0,3.0,9.0,9.0,12727.0,19.0,2244.0,,889.0,183.0,21415.0,,5.0,586.0,0.0,40.0,25.0,2007-2008
Tottenham Hotspur,11.0,14.0,66.0,51.0,1.0,555.0,195.0,19.0,12.0,4.0,1.0,59.0,7.0,9.0,123.0,9.0,61.0,0.0,125.0,534.0,960.0,2.0,2043.0,1053.0,1.0,1.0,1.0,15466.0,56.0,2428.0,,994.0,238.0,24679.0,,6.0,612.0,0.0,46.0,21.0,2007-2008
Middlesbrough,10.0,16.0,43.0,86.0,2.0,499.0,152.0,13.0,9.0,2.0,2.0,37.0,6.0,6.0,126.0,8.0,53.0,0.0,136.0,528.0,835.0,0.0,2139.0,1043.0,5.0,2.0,2.0,12200.0,48.0,2341.0,,960.0,219.0,21064.0,,2.0,575.0,0.0,68.0,38.0,2007-2008
Reading,10.0,22.0,41.0,59.0,5.0,441.0,132.0,10.0,12.0,2.0,1.0,35.0,6.0,3.0,60.0,8.0,66.0,7.0,128.0,452.0,800.0,2.0,1783.0,859.0,2.0,7.0,3.0,10431.0,45.0,2199.0,,1087.0,238.0,19140.0,,6.0,532.0,2.0,61.0,28.0,2007-2008
Wigan Athletic,10.0,18.0,34.0,59.0,4.0,489.0,141.0,11.0,6.0,4.0,1.0,28.0,6.0,3.0,137.0,12.0,51.0,5.0,129.0,531.0,883.0,3.0,1837.0,917.0,1.0,4.0,2.0,11684.0,27.0,2163.0,,767.0,186.0,19855.0,,7.0,510.0,1.0,68.0,14.0,2007-2008
Bolton Wanderers,9.0,19.0,36.0,76.0,0.0,451.0,149.0,14.0,5.0,0.0,2.0,30.0,6.0,2.0,111.0,12.0,54.0,0.0,145.0,542.0,866.0,3.0,2166.0,1128.0,4.0,5.0,5.0,11854.0,22.0,2163.0,,905.0,208.0,20846.0,,6.0,545.0,0.0,47.0,20.0,2007-2008
Birmingham City,8.0,19.0,46.0,70.0,3.0,414.0,143.0,6.0,6.0,6.0,5.0,34.0,12.0,1.0,78.0,3.0,62.0,0.0,143.0,515.0,935.0,3.0,2145.0,1023.0,1.0,8.0,8.0,10630.0,35.0,2219.0,,774.0,193.0,19541.0,,6.0,551.0,0.0,77.0,11.0,2007-2008
Fulham,8.0,18.0,38.0,55.0,6.0,469.0,154.0,7.0,7.0,2.0,4.0,29.0,9.0,3.0,91.0,7.0,60.0,0.0,119.0,466.0,851.0,2.0,2072.0,938.0,2.0,5.0,5.0,12576.0,29.0,2311.0,,849.0,183.0,21259.0,,4.0,589.0,0.0,55.0,27.0,2007-2008
Derby County,1.0,29.0,20.0,63.0,1.0,376.0,116.0,7.0,3.0,0.0,0.0,15.0,5.0,2.0,103.0,3.0,89.0,8.0,129.0,510.0,898.0,5.0,2042.0,976.0,2.0,4.0,4.0,11739.0,29.0,2168.0,,804.0,158.0,20140.0,,5.0,464.0,0.0,68.0,24.0,2007-2008
Manchester United,28.0,4.0,68.0,61.0,5.0,715.0,230.0,9.0,7.0,4.0,4.0,56.0,12.0,12.0,99.0,24.0,24.0,,120.0,640.0,741.0,8.0,1322.0,716.0,1.0,3.0,3.0,19416.0,291.0,2192.0,,1039.0,257.0,30077.0,,3.0,579.0,0.0,56.0,22.0,2008-2009
Chelsea,25.0,5.0,68.0,50.0,3.0,797.0,248.0,17.0,12.0,2.0,2.0,59.0,9.0,4.0,114.0,22.0,24.0,,124.0,504.0,773.0,15.0,1069.0,585.0,1.0,1.0,0.0,19923.0,205.0,2121.0,,938.0,237.0,29962.0,,3.0,518.0,1.0,111.0,35.0,2008-2009
Liverpool,25.0,2.0,77.0,50.0,0.0,736.0,224.0,26.0,14.0,5.0,2.0,65.0,12.0,4.0,98.0,20.0,27.0,,66.0,657.0,927.0,5.0,1279.0,722.0,3.0,2.0,2.0,19505.0,192.0,2714.0,,1021.0,269.0,29875.0,,0.0,470.0,0.0,61.0,19.0,2008-2009
Arsenal,20.0,6.0,68.0,58.0,3.0,662.0,220.0,22.0,14.0,5.0,0.0,62.0,6.0,7.0,88.0,16.0,37.0,,87.0,872.0,875.0,6.0,1280.0,738.0,3.0,5.0,3.0,18991.0,225.0,2044.0,,1069.0,267.0,29877.0,,9.0,692.0,2.0,65.0,26.0,2008-2009
Aston Villa,17.0,10.0,54.0,54.0,2.0,472.0,159.0,15.0,10.0,4.0,2.0,44.0,10.0,10.0,85.0,13.0,48.0,,146.0,710.0,982.0,11.0,1764.0,1088.0,0.0,6.0,6.0,12419.0,81.0,2208.0,,1119.0,257.0,23020.0,,4.0,536.0,0.0,32.0,26.0,2008-2009
Everton,17.0,9.0,55.0,49.0,1.0,496.0,169.0,12.0,14.0,4.0,4.0,47.0,8.0,0.0,99.0,17.0,37.0,,146.0,660.0,775.0,12.0,1602.0,854.0,2.0,3.0,3.0,15024.0,102.0,2299.0,,1022.0,191.0,25205.0,,4.0,584.0,0.0,74.0,25.0,2008-2009
Manchester City,15.0,18.0,58.0,49.0,4.0,572.0,201.0,11.0,3.0,6.0,2.0,52.0,6.0,8.0,79.0,10.0,50.0,,124.0,740.0,939.0,18.0,1496.0,828.0,2.0,4.0,3.0,15971.0,187.0,2229.0,,690.0,210.0,26120.0,,7.0,578.0,1.0,54.0,34.0,2008-2009
Fulham,14.0,13.0,39.0,40.0,1.0,511.0,149.0,11.0,2.0,5.0,0.0,33.0,6.0,5.0,92.0,15.0,34.0,,153.0,667.0,812.0,10.0,1632.0,1011.0,0.0,2.0,1.0,16100.0,151.0,2297.0,,765.0,188.0,26306.0,,8.0,467.0,1.0,70.0,44.0,2008-2009
Tottenham Hotspur,14.0,15.0,45.0,54.0,5.0,544.0,177.0,7.0,5.0,3.0,0.0,39.0,6.0,7.0,85.0,13.0,45.0,,122.0,743.0,781.0,7.0,1511.0,886.0,2.0,4.0,3.0,15723.0,170.0,2099.0,,1005.0,221.0,26576.0,,6.0,538.0,0.0,69.0,56.0,2008-2009
West Ham United,14.0,15.0,42.0,66.0,4.0,515.0,167.0,12.0,4.0,1.0,1.0,37.0,5.0,4.0,130.0,10.0,45.0,,190.0,606.0,896.0,13.0,1601.0,867.0,2.0,6.0,3.0,15316.0,220.0,1901.0,,720.0,189.0,25662.0,,7.0,601.0,2.0,65.0,37.0,2008-2009
Stoke City,12.0,17.0,38.0,73.0,5.0,364.0,100.0,11.0,14.0,5.0,0.0,35.0,3.0,1.0,65.0,12.0,55.0,,169.0,574.0,688.0,11.0,1555.0,926.0,2.0,3.0,2.0,9478.0,66.0,2171.0,,697.0,174.0,18693.0,,7.0,438.0,0.0,85.0,41.0,2008-2009
Wigan Athletic,12.0,17.0,34.0,59.0,4.0,590.0,163.0,10.0,3.0,5.0,2.0,29.0,5.0,2.0,101.0,13.0,45.0,,110.0,685.0,934.0,12.0,1636.0,927.0,1.0,3.0,2.0,12319.0,139.0,2226.0,,943.0,210.0,23071.0,,10.0,445.0,1.0,38.0,20.0,2008-2009
Bolton Wanderers,11.0,19.0,41.0,62.0,1.0,488.0,154.0,7.0,10.0,0.0,3.0,35.0,6.0,2.0,71.0,7.0,53.0,,183.0,555.0,890.0,14.0,1880.0,1023.0,2.0,7.0,6.0,10649.0,81.0,2078.0,,853.0,201.0,20876.0,,5.0,448.0,1.0,42.0,28.0,2008-2009
Blackburn Rovers,10.0,17.0,40.0,74.0,4.0,473.0,148.0,13.0,9.0,4.0,1.0,35.0,5.0,0.0,119.0,10.0,60.0,,119.0,557.0,824.0,14.0,1649.0,900.0,2.0,6.0,5.0,13436.0,111.0,2307.0,,865.0,199.0,23450.0,,9.0,372.0,0.0,48.0,36.0,2008-2009
Portsmouth,10.0,17.0,38.0,58.0,5.0,500.0,152.0,19.0,10.0,2.0,1.0,32.0,6.0,2.0,81.0,8.0,57.0,,113.0,653.0,922.0,17.0,1552.0,892.0,0.0,7.0,6.0,14497.0,142.0,2379.0,,852.0,194.0,25414.0,,9.0,601.0,1.0,79.0,26.0,2008-2009
Sunderland,9.0,20.0,34.0,69.0,1.0,473.0,144.0,10.0,8.0,1.0,1.0,27.0,7.0,4.0,96.0,9.0,54.0,,173.0,609.0,888.0,6.0,1596.0,978.0,2.0,5.0,3.0,14144.0,122.0,2126.0,,985.0,172.0,24442.0,,4.0,491.0,1.0,58.0,27.0,2008-2009
Hull City,8.0,19.0,39.0,71.0,3.0,476.0,149.0,9.0,13.0,3.0,3.0,33.0,6.0,5.0,141.0,6.0,64.0,,160.0,624.0,811.0,15.0,1677.0,967.0,4.0,3.0,2.0,11809.0,83.0,2363.0,,930.0,186.0,21712.0,,4.0,490.0,1.0,56.0,22.0,2008-2009
West Bromwich Albion,8.0,22.0,36.0,67.0,1.0,559.0,165.0,16.0,4.0,3.0,3.0,31.0,5.0,5.0,101.0,8.0,67.0,,136.0,591.0,803.0,14.0,1477.0,776.0,0.0,4.0,4.0,14518.0,178.0,2311.0,,962.0,226.0,24904.0,,5.0,581.0,0.0,60.0,24.0,2008-2009
Middlesbrough,7.0,20.0,28.0,55.0,3.0,498.0,140.0,7.0,1.0,1.0,2.0,25.0,3.0,0.0,121.0,7.0,57.0,,144.0,607.0,784.0,23.0,1582.0,846.0,6.0,2.0,2.0,13124.0,124.0,2130.0,,983.0,172.0,23322.0,,5.0,540.0,0.0,85.0,18.0,2008-2009
Newcastle United,7.0,18.0,40.0,57.0,8.0,444.0,125.0,12.0,10.0,4.0,0.0,38.0,2.0,2.0,73.0,7.0,59.0,,142.0,591.0,735.0,22.0,1278.0,693.0,2.0,9.0,8.0,14172.0,148.0,2300.0,,895.0,165.0,24327.0,,5.0,659.0,1.0,40.0,24.0,2008-2009
Chelsea,27.0,6.0,103.0,54.0,5.0,834.0,288.0,13.0,16.0,11.0,3.0,94.0,9.0,8.0,96.0,18.0,32.0,0.0,103.0,705.0,772.0,10.0,1055.0,560.0,1.0,5.0,4.0,18852.0,268.0,2071.0,,1083.0,286.0,28914.0,,3.0,503.0,1.0,87.0,30.0,2009-2010
Manchester United,27.0,7.0,86.0,49.0,4.0,695.0,221.0,12.0,14.0,6.0,3.0,77.0,9.0,6.0,85.0,19.0,28.0,0.0,100.0,602.0,828.0,13.0,983.0,584.0,0.0,2.0,2.0,19318.0,243.0,2205.0,,1156.0,297.0,28968.0,,2.0,622.0,0.0,65.0,18.0,2009-2010
Arsenal,23.0,9.0,83.0,56.0,1.0,660.0,233.0,15.0,11.0,3.0,2.0,65.0,18.0,9.0,93.0,14.0,41.0,3.0,89.0,839.0,818.0,26.0,1091.0,640.0,2.0,7.0,5.0,19291.0,334.0,1837.0,,1023.0,257.0,29807.0,,3.0,713.0,2.0,75.0,24.0,2009-2010
Tottenham Hotspur,21.0,10.0,67.0,58.0,1.0,681.0,226.0,13.0,12.0,2.0,2.0,59.0,8.0,6.0,117.0,13.0,41.0,4.0,129.0,804.0,844.0,10.0,1360.0,729.0,0.0,9.0,6.0,15474.0,122.0,2535.0,,912.0,241.0,25855.0,,6.0,516.0,3.0,93.0,48.0,2009-2010
Liverpool,18.0,11.0,61.0,55.0,5.0,642.0,189.0,20.0,6.0,3.0,0.0,53.0,8.0,4.0,62.0,17.0,35.0,0.0,81.0,763.0,958.0,6.0,1094.0,603.0,2.0,4.0,3.0,18575.0,142.0,2454.0,,1017.0,268.0,28704.0,,1.0,489.0,1.0,52.0,28.0,2009-2010
Manchester City,18.0,7.0,73.0,49.0,2.0,526.0,195.0,9.0,9.0,5.0,3.0,63.0,10.0,10.0,120.0,11.0,45.0,0.0,120.0,805.0,802.0,18.0,1269.0,689.0,1.0,7.0,5.0,16323.0,203.0,2335.0,,809.0,237.0,26446.0,,4.0,509.0,2.0,45.0,21.0,2009-2010
Aston Villa,17.0,8.0,52.0,59.0,2.0,497.0,158.0,5.0,12.0,5.0,0.0,44.0,8.0,4.0,81.0,15.0,39.0,0.0,225.0,690.0,880.0,6.0,1531.0,877.0,3.0,6.0,6.0,13127.0,70.0,2055.0,,1031.0,236.0,23210.0,,10.0,520.0,0.0,39.0,39.0,2009-2010
Everton,16.0,9.0,60.0,57.0,2.0,589.0,194.0,12.0,16.0,5.0,2.0,52.0,8.0,2.0,94.0,11.0,49.0,0.0,137.0,827.0,768.0,19.0,1601.0,880.0,3.0,2.0,0.0,14832.0,115.0,2335.0,,1022.0,230.0,24914.0,,4.0,600.0,2.0,52.0,17.0,2009-2010
Birmingham City,13.0,14.0,38.0,74.0,1.0,452.0,155.0,7.0,3.0,2.0,4.0,30.0,8.0,4.0,98.0,11.0,47.0,0.0,193.0,777.0,785.0,4.0,1499.0,815.0,1.0,3.0,3.0,13540.0,124.0,2433.0,,736.0,186.0,23678.0,,5.0,445.0,0.0,78.0,35.0,2009-2010
Blackburn Rovers,13.0,14.0,41.0,57.0,2.0,489.0,161.0,18.0,11.0,3.0,0.0,35.0,6.0,2.0,124.0,13.0,55.0,0.0,132.0,730.0,709.0,12.0,1557.0,832.0,1.0,2.0,2.0,11792.0,91.0,2203.0,,752.0,181.0,21245.0,,6.0,445.0,0.0,61.0,32.0,2009-2010
Fulham,12.0,16.0,39.0,46.0,1.0,463.0,144.0,7.0,4.0,4.0,2.0,30.0,9.0,0.0,92.0,12.0,46.0,5.0,147.0,752.0,745.0,10.0,1459.0,785.0,5.0,2.0,2.0,16505.0,112.0,2104.0,,727.0,177.0,26134.0,,5.0,467.0,0.0,99.0,29.0,2009-2010
Stoke City,11.0,13.0,34.0,63.0,5.0,402.0,113.0,5.0,9.0,2.0,0.0,32.0,2.0,1.0,86.0,14.0,48.0,4.0,184.0,738.0,724.0,8.0,1632.0,1010.0,1.0,6.0,3.0,10307.0,61.0,2176.0,,661.0,181.0,19825.0,,3.0,383.0,3.0,117.0,17.0,2009-2010
Sunderland,11.0,16.0,48.0,77.0,9.0,444.0,159.0,11.0,10.0,6.0,1.0,44.0,4.0,6.0,93.0,7.0,56.0,0.0,162.0,829.0,890.0,10.0,1641.0,904.0,2.0,6.0,5.0,12489.0,136.0,2265.0,,884.0,180.0,22903.0,,7.0,534.0,0.0,54.0,30.0,2009-2010
Bolton Wanderers,10.0,19.0,42.0,74.0,5.0,558.0,163.0,10.0,10.0,4.0,2.0,38.0,4.0,0.0,58.0,5.0,67.0,0.0,147.0,735.0,912.0,15.0,1638.0,936.0,4.0,5.0,3.0,11404.0,114.0,2277.0,,875.0,183.0,21587.0,,9.0,445.0,2.0,50.0,19.0,2009-2010
Wigan Athletic,9.0,20.0,37.0,65.0,3.0,555.0,174.0,13.0,10.0,1.0,2.0,32.0,5.0,1.0,50.0,8.0,79.0,0.0,131.0,743.0,908.0,13.0,1353.0,666.0,1.0,7.0,7.0,14753.0,126.0,2607.0,,681.0,181.0,25000.0,,11.0,613.0,0.0,46.0,20.0,2009-2010
Wolverhampton Wanderers,9.0,18.0,32.0,63.0,4.0,436.0,119.0,8.0,6.0,2.0,0.0,29.0,3.0,0.0,65.0,8.0,56.0,0.0,127.0,537.0,705.0,15.0,1618.0,784.0,3.0,6.0,5.0,13020.0,60.0,2307.0,,940.0,204.0,22641.0,,6.0,410.0,1.0,118.0,29.0,2009-2010
Burnley,8.0,24.0,42.0,57.0,2.0,459.0,153.0,14.0,6.0,6.0,2.0,38.0,4.0,2.0,66.0,3.0,82.0,0.0,147.0,661.0,686.0,13.0,1552.0,775.0,2.0,9.0,5.0,13591.0,83.0,2348.0,,825.0,174.0,23571.0,,7.0,524.0,3.0,55.0,27.0,2009-2010
West Ham United,8.0,19.0,47.0,62.0,3.0,549.0,191.0,12.0,13.0,7.0,1.0,41.0,6.0,0.0,92.0,8.0,66.0,4.0,160.0,755.0,830.0,10.0,1623.0,870.0,3.0,6.0,5.0,14616.0,164.0,2197.0,,689.0,180.0,24973.0,,8.0,522.0,1.0,72.0,35.0,2009-2010
Portsmouth,7.0,24.0,34.0,68.0,5.0,533.0,151.0,7.0,7.0,3.0,1.0,31.0,3.0,2.0,93.0,7.0,66.0,0.0,135.0,681.0,774.0,14.0,1356.0,751.0,3.0,9.0,8.0,13509.0,95.0,1977.0,,818.0,189.0,23416.0,,4.0,497.0,1.0,83.0,27.0,2009-2010
Hull City,6.0,20.0,34.0,64.0,6.0,388.0,120.0,6.0,8.0,6.0,2.0,27.0,7.0,1.0,86.0,7.0,75.0,0.0,157.0,674.0,760.0,12.0,1528.0,805.0,5.0,8.0,7.0,11731.0,46.0,2128.0,,753.0,150.0,21522.0,,4.0,535.0,1.0,59.0,46.0,2009-2010
Manchester United,23.0,4.0,78.0,56.0,3.0,618.0,212.0,15.0,18.0,3.0,1.0,71.0,7.0,5.0,102.0,15.0,37.0,0.0,107.0,646.0,693.0,17.0,1053.0,634.0,1.0,6.0,5.0,18870.0,212.0,2279.0,2411.0,1005.0,243.0,26671.0,50.0,2.0,471.0,0.0,45.0,16.0,2010-2011
Chelsea,21.0,9.0,69.0,59.0,1.0,745.0,244.0,21.0,12.0,6.0,2.0,61.0,8.0,4.0,113.0,15.0,33.0,0.0,127.0,616.0,769.0,19.0,762.0,470.0,1.0,3.0,2.0,19236.0,252.0,2044.0,2465.0,995.0,257.0,27426.0,70.0,7.0,573.0,1.0,84.0,22.0,2010-2011
Manchester City,21.0,9.0,60.0,71.0,5.0,546.0,177.0,16.0,4.0,8.0,2.0,51.0,9.0,2.0,103.0,18.0,33.0,2.0,130.0,629.0,826.0,4.0,1206.0,680.0,0.0,4.0,3.0,17768.0,170.0,1721.0,2469.0,762.0,222.0,25892.0,51.0,2.0,520.0,1.0,66.0,27.0,2010-2011
Arsenal,19.0,8.0,72.0,65.0,6.0,654.0,238.0,23.0,9.0,4.0,1.0,67.0,5.0,3.0,93.0,13.0,43.0,0.0,94.0,709.0,772.0,3.0,1077.0,580.0,1.0,9.0,6.0,20150.0,373.0,1462.0,2278.0,928.0,252.0,28629.0,88.0,4.0,601.0,2.0,56.0,25.0,2010-2011
Liverpool,17.0,14.0,59.0,63.0,2.0,582.0,205.0,12.0,8.0,6.0,1.0,54.0,5.0,3.0,87.0,14.0,44.0,0.0,128.0,592.0,908.0,2.0,1073.0,563.0,3.0,8.0,7.0,16728.0,148.0,2038.0,2500.0,824.0,212.0,24941.0,43.0,6.0,493.0,0.0,74.0,26.0,2010-2011
Tottenham Hotspur,16.0,8.0,55.0,51.0,2.0,657.0,191.0,15.0,10.0,5.0,0.0,40.0,15.0,3.0,59.0,8.0,46.0,0.0,139.0,661.0,754.0,16.0,1363.0,800.0,1.0,6.0,4.0,16791.0,111.0,2407.0,2142.0,954.0,256.0,25438.0,51.0,6.0,560.0,2.0,68.0,50.0,2010-2011
Everton,13.0,10.0,51.0,55.0,5.0,580.0,181.0,8.0,14.0,3.0,2.0,43.0,8.0,4.0,78.0,9.0,45.0,0.0,149.0,470.0,768.0,12.0,1265.0,652.0,2.0,2.0,2.0,14371.0,72.0,2232.0,2089.0,1019.0,245.0,22628.0,47.0,2.0,525.0,0.0,51.0,30.0,2010-2011
Stoke City,13.0,18.0,46.0,68.0,2.0,482.0,143.0,20.0,11.0,3.0,2.0,42.0,4.0,4.0,74.0,9.0,48.0,0.0,156.0,532.0,716.0,13.0,1316.0,791.0,2.0,5.0,3.0,10349.0,58.0,2062.0,1382.0,766.0,191.0,18195.0,39.0,5.0,449.0,2.0,64.0,20.0,2010-2011
Aston Villa,12.0,14.0,48.0,71.0,2.0,506.0,165.0,19.0,13.0,4.0,2.0,42.0,6.0,4.0,92.0,7.0,59.0,0.0,183.0,667.0,844.0,16.0,1116.0,621.0,1.0,4.0,4.0,14611.0,123.0,1970.0,1901.0,973.0,230.0,22681.0,57.0,7.0,350.0,0.0,30.0,25.0,2010-2011
Bolton Wanderers,12.0,16.0,52.0,67.0,5.0,570.0,173.0,9.0,10.0,4.0,1.0,44.0,8.0,3.0,57.0,5.0,56.0,0.0,150.0,627.0,939.0,17.0,1466.0,854.0,0.0,6.0,3.0,12704.0,104.0,2360.0,1579.0,850.0,197.0,21351.0,42.0,10.0,418.0,2.0,46.0,22.0,2010-2011
Sunderland,12.0,15.0,45.0,57.0,5.0,532.0,154.0,10.0,7.0,4.0,1.0,40.0,5.0,2.0,98.0,13.0,56.0,0.0,134.0,694.0,820.0,17.0,1291.0,686.0,1.0,6.0,5.0,14166.0,129.0,2220.0,2072.0,863.0,181.0,22628.0,35.0,16.0,441.0,0.0,62.0,40.0,2010-2011
West Bromwich Albion,12.0,15.0,56.0,52.0,7.0,597.0,184.0,12.0,10.0,4.0,1.0,50.0,6.0,3.0,102.0,2.0,71.0,0.0,126.0,662.0,725.0,10.0,1088.0,609.0,5.0,6.0,6.0,14252.0,101.0,2286.0,2138.0,807.0,187.0,22224.0,43.0,8.0,524.0,0.0,38.0,23.0,2010-2011
Blackburn Rovers,11.0,17.0,46.0,65.0,5.0,453.0,135.0,10.0,9.0,1.0,2.0,39.0,7.0,1.0,87.0,8.0,59.0,0.0,183.0,734.0,748.0,11.0,1521.0,799.0,1.0,8.0,6.0,11178.0,54.0,2057.0,1558.0,821.0,173.0,19421.0,44.0,8.0,357.0,0.0,50.0,26.0,2010-2011
Fulham,11.0,11.0,49.0,52.0,1.0,547.0,172.0,10.0,15.0,2.0,2.0,42.0,7.0,2.0,100.0,14.0,43.0,0.0,120.0,668.0,799.0,5.0,1513.0,878.0,5.0,1.0,0.0,16345.0,119.0,2059.0,2563.0,865.0,191.0,24796.0,38.0,12.0,559.0,1.0,82.0,37.0,2010-2011
Newcastle United,11.0,14.0,56.0,78.0,2.0,507.0,168.0,10.0,15.0,5.0,0.0,50.0,6.0,1.0,82.0,9.0,57.0,0.0,134.0,608.0,666.0,11.0,1025.0,598.0,2.0,6.0,5.0,14194.0,95.0,2104.0,2041.0,1022.0,202.0,22108.0,62.0,7.0,527.0,0.0,56.0,26.0,2010-2011
Wolverhampton Wanderers,11.0,20.0,46.0,62.0,2.0,459.0,139.0,14.0,10.0,3.0,1.0,41.0,5.0,1.0,93.0,5.0,66.0,0.0,151.0,520.0,677.0,11.0,1205.0,663.0,2.0,4.0,4.0,14823.0,82.0,2350.0,2256.0,1104.0,241.0,22772.0,29.0,7.0,426.0,0.0,84.0,19.0,2010-2011
Blackpool,10.0,19.0,55.0,47.0,2.0,531.0,161.0,11.0,8.0,7.0,3.0,44.0,11.0,3.0,97.0,6.0,78.0,3.0,206.0,451.0,780.0,7.0,1616.0,860.0,5.0,3.0,2.0,15113.0,75.0,2582.0,2543.0,836.0,183.0,23616.0,46.0,16.0,499.0,0.0,49.0,29.0,2010-2011
Wigan Athletic,9.0,14.0,40.0,67.0,4.0,511.0,170.0,9.0,3.0,2.0,5.0,32.0,8.0,5.0,71.0,7.0,61.0,0.0,116.0,763.0,914.0,20.0,1196.0,628.0,0.0,6.0,4.0,15180.0,111.0,2217.0,2183.0,620.0,169.0,23517.0,39.0,5.0,540.0,1.0,50.0,25.0,2010-2011
Birmingham City,8.0,15.0,37.0,57.0,3.0,401.0,121.0,11.0,10.0,2.0,0.0,34.0,3.0,1.0,91.0,9.0,58.0,0.0,179.0,573.0,668.0,7.0,1261.0,771.0,4.0,6.0,5.0,14036.0,82.0,2657.0,2221.0,784.0,150.0,21652.0,30.0,9.0,375.0,1.0,71.0,21.0,2010-2011
West Ham United,7.0,19.0,43.0,59.0,1.0,572.0,174.0,18.0,9.0,5.0,0.0,38.0,5.0,1.0,120.0,5.0,70.0,0.0,184.0,583.0,783.0,13.0,1353.0,723.0,2.0,6.0,5.0,13367.0,126.0,2126.0,1903.0,814.0,181.0,21823.0,44.0,9.0,574.0,1.0,39.0,41.0,2010-2011
Manchester City,28.0,5.0,93.0,51.0,5.0,738.0,250.0,21.0,10.0,7.0,1.0,73.0,20.0,6.0,85.0,17.0,29.0,1.0,111.0,631.0,694.0,6.0,930.0,525.0,2.0,3.0,2.0,20863.0,321.0,1734.0,2937.0,843.0,269.0,28620.0,65.0,6.0,480.0,1.0,39.0,21.0,2011-2012
Manchester United,28.0,5.0,89.0,51.0,1.0,646.0,243.0,17.0,16.0,9.0,2.0,74.0,15.0,2.0,89.0,20.0,33.0,0.0,138.0,574.0,803.0,6.0,1165.0,749.0,2.0,3.0,2.0,20184.0,103.0,2189.0,2765.0,1018.0,279.0,28113.0,64.0,3.0,521.0,1.0,37.0,26.0,2011-2012
Arsenal,21.0,10.0,74.0,64.0,4.0,637.0,236.0,15.0,9.0,2.0,2.0,64.0,10.0,9.0,88.0,13.0,49.0,0.0,93.0,605.0,751.0,25.0,766.0,411.0,5.0,4.0,3.0,20599.0,294.0,1665.0,2754.0,896.0,262.0,28338.0,74.0,3.0,587.0,1.0,52.0,27.0,2011-2012
Tottenham Hotspur,20.0,9.0,66.0,43.0,3.0,701.0,230.0,12.0,5.0,4.0,1.0,52.0,14.0,5.0,93.0,14.0,41.0,0.0,122.0,716.0,733.0,12.0,1045.0,561.0,1.0,1.0,1.0,19564.0,164.0,2323.0,2944.0,846.0,279.0,27761.0,62.0,6.0,539.0,0.0,28.0,12.0,2011-2012
Newcastle United,19.0,11.0,56.0,67.0,2.0,489.0,154.0,19.0,6.0,2.0,3.0,44.0,12.0,4.0,97.0,15.0,51.0,1.0,143.0,621.0,744.0,8.0,987.0,475.0,0.0,9.0,7.0,14638.0,97.0,2130.0,2384.0,730.0,171.0,22210.0,27.0,12.0,592.0,2.0,59.0,23.0,2011-2012
Chelsea,18.0,10.0,65.0,74.0,4.0,671.0,224.0,20.0,12.0,4.0,0.0,60.0,5.0,2.0,70.0,10.0,46.0,1.0,111.0,637.0,698.0,5.0,881.0,477.0,1.0,6.0,4.0,18766.0,158.0,2021.0,2886.0,972.0,253.0,26276.0,37.0,10.0,571.0,0.0,70.0,17.0,2011-2012
Everton,15.0,12.0,50.0,60.0,2.0,520.0,164.0,12.0,9.0,5.0,1.0,42.0,8.0,1.0,116.0,12.0,40.0,2.0,145.0,617.0,624.0,6.0,1130.0,555.0,3.0,4.0,1.0,15063.0,67.0,2048.0,2108.0,877.0,180.0,22706.0,43.0,2.0,487.0,2.0,57.0,25.0,2011-2012
Fulham,14.0,14.0,48.0,54.0,0.0,541.0,195.0,24.0,7.0,3.0,2.0,42.0,6.0,3.0,85.0,11.0,51.0,0.0,141.0,644.0,669.0,3.0,1005.0,479.0,2.0,3.0,3.0,17669.0,64.0,2004.0,3004.0,649.0,187.0,24891.0,38.0,4.0,469.0,0.0,69.0,26.0,2011-2012
Liverpool,14.0,14.0,47.0,53.0,5.0,667.0,207.0,33.0,8.0,1.0,2.0,40.0,7.0,3.0,128.0,12.0,40.0,0.0,108.0,505.0,728.0,5.0,720.0,365.0,3.0,5.0,4.0,18797.0,105.0,2260.0,2991.0,1103.0,309.0,26450.0,66.0,2.0,440.0,1.0,22.0,19.0,2011-2012
West Bromwich Albion,13.0,17.0,45.0,48.0,1.0,544.0,167.0,13.0,9.0,1.0,2.0,35.0,10.0,3.0,128.0,10.0,52.0,4.0,167.0,556.0,683.0,6.0,960.0,521.0,2.0,9.0,7.0,14691.0,69.0,1776.0,2094.0,783.0,212.0,22205.0,34.0,7.0,419.0,2.0,60.0,19.0,2011-2012
Norwich City,12.0,15.0,52.0,58.0,3.0,514.0,164.0,7.0,15.0,2.0,1.0,47.0,5.0,4.0,74.0,3.0,66.0,0.0,157.0,468.0,692.0,6.0,1451.0,767.0,1.0,7.0,5.0,15165.0,51.0,2430.0,2420.0,863.0,165.0,22830.0,30.0,9.0,379.0,2.0,56.0,20.0,2011-2012
Swansea City,12.0,15.0,44.0,40.0,2.0,472.0,145.0,14.0,7.0,5.0,1.0,36.0,8.0,1.0,67.0,14.0,51.0,0.0,146.0,579.0,709.0,3.0,1048.0,439.0,2.0,3.0,1.0,20795.0,105.0,2121.0,3726.0,721.0,201.0,28300.0,36.0,3.0,518.0,2.0,69.0,22.0,2011-2012
Stoke City,11.0,15.0,36.0,60.0,2.0,376.0,94.0,7.0,14.0,4.0,0.0,33.0,3.0,1.0,62.0,9.0,53.0,11.0,157.0,461.0,655.0,4.0,1910.0,959.0,3.0,7.0,7.0,10831.0,23.0,2194.0,1699.0,826.0,166.0,18936.0,33.0,4.0,460.0,0.0,68.0,23.0,2011-2012
Sunderland,11.0,15.0,45.0,60.0,4.0,458.0,141.0,11.0,8.0,1.0,5.0,32.0,13.0,3.0,76.0,12.0,46.0,0.0,194.0,652.0,824.0,7.0,1158.0,600.0,2.0,5.0,3.0,13913.0,45.0,2135.0,2159.0,864.0,181.0,21770.0,39.0,8.0,423.0,1.0,65.0,26.0,2011-2012
Wigan Athletic,11.0,17.0,42.0,67.0,3.0,519.0,162.0,13.0,6.0,5.0,1.0,29.0,13.0,2.0,71.0,8.0,62.0,0.0,129.0,578.0,729.0,7.0,925.0,413.0,1.0,8.0,4.0,15715.0,55.0,2154.0,2322.0,744.0,212.0,22943.0,41.0,3.0,414.0,4.0,42.0,23.0,2011-2012
Bolton Wanderers,10.0,22.0,46.0,50.0,5.0,495.0,163.0,8.0,7.0,5.0,0.0,40.0,6.0,0.0,55.0,3.0,77.0,0.0,169.0,694.0,732.0,9.0,1255.0,648.0,1.0,3.0,2.0,13580.0,101.0,2123.0,1955.0,769.0,210.0,21694.0,25.0,8.0,442.0,1.0,58.0,16.0,2011-2012
Queens Park Rangers,10.0,21.0,43.0,54.0,9.0,539.0,150.0,15.0,10.0,2.0,3.0,36.0,7.0,0.0,83.0,7.0,66.0,0.0,187.0,547.0,764.0,1.0,1412.0,800.0,2.0,3.0,3.0,13383.0,42.0,2149.0,2005.0,796.0,195.0,21309.0,23.0,8.0,429.0,0.0,26.0,22.0,2011-2012
Blackburn Rovers,8.0,23.0,48.0,66.0,5.0,453.0,143.0,10.0,13.0,4.0,2.0,41.0,7.0,2.0,58.0,3.0,78.0,0.0,149.0,716.0,690.0,6.0,1328.0,575.0,4.0,3.0,2.0,12424.0,59.0,2067.0,1934.0,610.0,166.0,20036.0,37.0,6.0,370.0,1.0,53.0,10.0,2011-2012
Aston Villa,7.0,14.0,37.0,70.0,2.0,438.0,138.0,9.0,3.0,3.0,0.0,29.0,8.0,1.0,85.0,9.0,53.0,0.0,176.0,740.0,774.0,4.0,1301.0,682.0,2.0,7.0,6.0,13158.0,62.0,1980.0,2013.0,834.0,218.0,21017.0,39.0,8.0,300.0,0.0,41.0,15.0,2011-2012
Wolverhampton Wanderers,5.0,23.0,40.0,64.0,4.0,473.0,152.0,10.0,9.0,3.0,0.0,37.0,3.0,1.0,82.0,4.0,82.0,9.0,159.0,598.0,619.0,4.0,1178.0,495.0,2.0,7.0,5.0,14860.0,30.0,2249.0,2538.0,999.0,205.0,22585.0,29.0,6.0,425.0,2.0,81.0,22.0,2011-2012
Manchester United,28.0,5.0,86.0,57.0,1.0,561.0,213.0,24.0,14.0,4.0,1.0,77.0,9.0,2.0,96.0,13.0,43.0,1.0,143.0,514.0,731.0,4.0,1319.0,848.0,4.0,0.0,0.0,19696.0,103.0,1973.0,2727.0,962.0,218.0,27264.0,65.0,5.0,506.0,0.0,38.0,28.0,2012-2013
Manchester City,23.0,6.0,66.0,62.0,3.0,660.0,231.0,16.0,6.0,4.0,2.0,57.0,9.0,6.0,75.0,18.0,34.0,1.0,111.0,492.0,683.0,3.0,1068.0,551.0,2.0,2.0,1.0,20061.0,161.0,1613.0,2720.0,860.0,269.0,27525.0,86.0,6.0,515.0,1.0,28.0,23.0,2012-2013
Chelsea,22.0,7.0,75.0,51.0,3.0,626.0,212.0,7.0,16.0,9.0,3.0,64.0,11.0,3.0,80.0,14.0,39.0,6.0,104.0,504.0,710.0,4.0,981.0,603.0,2.0,1.0,0.0,18425.0,52.0,2008.0,2790.0,863.0,240.0,25959.0,45.0,1.0,434.0,0.0,53.0,29.0,2012-2013
Arsenal,21.0,7.0,72.0,42.0,5.0,597.0,205.0,16.0,11.0,5.0,2.0,65.0,7.0,7.0,80.0,14.0,37.0,0.0,94.0,636.0,748.0,19.0,873.0,492.0,0.0,6.0,4.0,21110.0,226.0,1755.0,3079.0,951.0,260.0,28862.0,50.0,5.0,411.0,1.0,31.0,20.0,2012-2013
Tottenham Hotspur,21.0,8.0,66.0,55.0,2.0,681.0,241.0,17.0,6.0,0.0,2.0,50.0,16.0,6.0,77.0,9.0,46.0,0.0,90.0,721.0,745.0,8.0,1595.0,870.0,1.0,3.0,3.0,16647.0,101.0,2028.0,2542.0,884.0,262.0,25155.0,41.0,6.0,466.0,0.0,44.0,30.0,2012-2013
Everton,16.0,7.0,55.0,59.0,3.0,633.0,207.0,21.0,13.0,2.0,1.0,44.0,11.0,4.0,100.0,11.0,40.0,4.0,126.0,592.0,720.0,7.0,1172.0,677.0,2.0,2.0,2.0,15829.0,54.0,2055.0,2271.0,989.0,257.0,23854.0,67.0,8.0,449.0,0.0,61.0,28.0,2012-2013
Liverpool,16.0,9.0,71.0,54.0,2.0,739.0,232.0,19.0,9.0,5.0,3.0,59.0,12.0,1.0,110.0,16.0,43.0,0.0,107.0,526.0,795.0,2.0,914.0,448.0,1.0,5.0,4.0,19802.0,101.0,2040.0,3004.0,794.0,284.0,27722.0,61.0,3.0,529.0,1.0,38.0,23.0,2012-2013
West Bromwich Albion,14.0,17.0,53.0,63.0,4.0,506.0,170.0,15.0,13.0,5.0,0.0,46.0,7.0,5.0,100.0,8.0,57.0,2.0,158.0,377.0,698.0,1.0,1079.0,670.0,3.0,6.0,5.0,14367.0,30.0,1896.0,2123.0,778.0,202.0,21491.0,39.0,3.0,455.0,1.0,77.0,15.0,2012-2013
West Ham United,12.0,16.0,45.0,74.0,1.0,492.0,158.0,9.0,9.0,4.0,2.0,38.0,7.0,2.0,82.0,11.0,53.0,2.0,166.0,459.0,728.0,4.0,1520.0,788.0,1.0,2.0,2.0,12582.0,26.0,1910.0,2111.0,1014.0,212.0,20669.0,38.0,4.0,493.0,0.0,36.0,6.0,2012-2013
Fulham,11.0,17.0,50.0,48.0,3.0,460.0,160.0,19.0,10.0,6.0,1.0,43.0,7.0,2.0,74.0,8.0,60.0,0.0,161.0,745.0,680.0,3.0,1274.0,669.0,0.0,6.0,3.0,16940.0,40.0,2131.0,2887.0,733.0,176.0,24744.0,34.0,7.0,446.0,3.0,67.0,24.0,2012-2013
Newcastle United,11.0,19.0,45.0,71.0,4.0,533.0,174.0,12.0,6.0,4.0,3.0,34.0,11.0,2.0,84.0,6.0,68.0,0.0,115.0,478.0,732.0,9.0,1584.0,741.0,1.0,4.0,4.0,14599.0,84.0,2285.0,2364.0,941.0,203.0,23005.0,44.0,5.0,506.0,0.0,74.0,38.0,2012-2013
Swansea City,11.0,14.0,47.0,58.0,2.0,504.0,167.0,11.0,7.0,0.0,1.0,41.0,6.0,2.0,87.0,10.0,51.0,0.0,157.0,697.0,686.0,2.0,1353.0,695.0,1.0,5.0,4.0,19943.0,79.0,2024.0,3599.0,790.0,193.0,27641.0,42.0,10.0,361.0,1.0,51.0,25.0,2012-2013
Aston Villa,10.0,17.0,47.0,72.0,3.0,438.0,141.0,10.0,7.0,3.0,1.0,35.0,12.0,6.0,97.0,5.0,69.0,2.0,177.0,769.0,741.0,9.0,1520.0,733.0,5.0,8.0,7.0,14247.0,58.0,1900.0,2236.0,676.0,177.0,22314.0,33.0,9.0,505.0,1.0,101.0,25.0,2012-2013
Norwich City,10.0,14.0,41.0,60.0,1.0,413.0,134.0,7.0,13.0,1.0,4.0,36.0,5.0,0.0,97.0,10.0,58.0,0.0,141.0,540.0,676.0,4.0,1146.0,437.0,3.0,7.0,4.0,13403.0,47.0,1994.0,2178.0,837.0,172.0,20675.0,40.0,5.0,387.0,2.0,46.0,19.0,2012-2013
Southampton,9.0,15.0,49.0,43.0,2.0,516.0,167.0,16.0,9.0,3.0,2.0,45.0,4.0,2.0,86.0,7.0,60.0,0.0,109.0,779.0,819.0,21.0,1275.0,566.0,5.0,5.0,2.0,16810.0,247.0,1826.0,2578.0,917.0,209.0,25365.0,41.0,3.0,477.0,3.0,56.0,16.0,2012-2013
Stoke City,9.0,14.0,34.0,78.0,4.0,390.0,114.0,12.0,9.0,3.0,0.0,33.0,1.0,1.0,72.0,12.0,45.0,9.0,159.0,499.0,728.0,5.0,1161.0,567.0,4.0,6.0,6.0,12287.0,32.0,1989.0,1838.0,855.0,165.0,19830.0,35.0,3.0,397.0,0.0,91.0,6.0,2012-2013
Sunderland,9.0,17.0,41.0,62.0,3.0,417.0,139.0,7.0,2.0,4.0,1.0,33.0,8.0,3.0,68.0,11.0,54.0,0.0,178.0,582.0,784.0,9.0,1155.0,607.0,4.0,4.0,4.0,13109.0,52.0,1952.0,1984.0,868.0,179.0,20782.0,30.0,8.0,423.0,0.0,52.0,39.0,2012-2013
Wigan Athletic,9.0,20.0,47.0,66.0,2.0,500.0,170.0,7.0,9.0,1.0,2.0,42.0,5.0,3.0,83.0,5.0,73.0,0.0,135.0,692.0,716.0,3.0,901.0,423.0,3.0,7.0,6.0,17927.0,54.0,2048.0,2773.0,813.0,198.0,25173.0,36.0,5.0,418.0,1.0,41.0,28.0,2012-2013
Reading,6.0,22.0,43.0,45.0,1.0,394.0,128.0,9.0,12.0,4.0,1.0,39.0,4.0,2.0,80.0,5.0,73.0,0.0,166.0,560.0,602.0,10.0,1300.0,620.0,0.0,4.0,4.0,11806.0,38.0,1855.0,1760.0,1009.0,189.0,19613.0,25.0,12.0,442.0,0.0,47.0,37.0,2012-2013
Queens Park Rangers,4.0,21.0,30.0,59.0,3.0,500.0,146.0,9.0,4.0,1.0,0.0,18.0,12.0,3.0,108.0,7.0,60.0,0.0,174.0,660.0,818.0,4.0,1363.0,703.0,5.0,3.0,3.0,13632.0,50.0,1800.0,1925.0,683.0,170.0,21941.0,32.0,8.0,453.0,0.0,56.0,37.0,2012-2013
Manchester City,27.0,6.0,102.0,72.0,1.0,673.0,238.0,19.0,10.0,6.0,5.0,86.0,16.0,5.0,59.0,16.0,37.0,88.0,61.0,496.0,756.0,8.0,938.0,531.0,2.0,1.0,1.0,20761.0,120.0,1791.0,3195.0,892.0,283.0,28341.0,59.0,0.0,411.0,0.0,64.0,31.0,2013-2014
Liverpool,26.0,6.0,101.0,54.0,1.0,651.0,258.0,27.0,14.0,10.0,6.0,82.0,19.0,9.0,78.0,10.0,50.0,107.0,127.0,465.0,848.0,3.0,1339.0,750.0,6.0,4.0,3.0,19599.0,191.0,1895.0,2959.0,643.0,224.0,28172.0,64.0,5.0,427.0,1.0,36.0,29.0,2013-2014
Chelsea,25.0,6.0,71.0,57.0,3.0,692.0,229.0,19.0,6.0,5.0,2.0,54.0,17.0,5.0,106.0,18.0,27.0,96.0,95.0,380.0,733.0,4.0,1141.0,741.0,2.0,1.0,1.0,18266.0,53.0,2052.0,2800.0,809.0,248.0,26541.0,44.0,2.0,392.0,0.0,42.0,16.0,2013-2014
Arsenal,24.0,7.0,68.0,53.0,4.0,523.0,213.0,15.0,12.0,3.0,0.0,63.0,5.0,4.0,74.0,17.0,41.0,116.0,101.0,541.0,714.0,14.0,1207.0,703.0,2.0,6.0,5.0,21561.0,144.0,1799.0,3211.0,753.0,210.0,29825.0,50.0,3.0,367.0,1.0,70.0,27.0,2013-2014
Everton,21.0,8.0,61.0,55.0,1.0,561.0,196.0,14.0,6.0,3.0,5.0,49.0,12.0,3.0,80.0,15.0,39.0,117.0,130.0,463.0,744.0,9.0,1103.0,672.0,4.0,6.0,3.0,18301.0,49.0,2239.0,2871.0,848.0,251.0,26857.0,28.0,2.0,471.0,2.0,59.0,14.0,2013-2014
Tottenham Hotspur,21.0,11.0,55.0,66.0,4.0,588.0,192.0,12.0,6.0,5.0,2.0,45.0,10.0,4.0,64.0,14.0,51.0,106.0,81.0,560.0,750.0,4.0,974.0,585.0,3.0,5.0,3.0,17933.0,41.0,2121.0,2596.0,849.0,230.0,26241.0,64.0,3.0,598.0,1.0,41.0,38.0,2013-2014
Manchester United,19.0,12.0,64.0,66.0,3.0,526.0,183.0,16.0,10.0,5.0,5.0,53.0,11.0,1.0,97.0,13.0,43.0,103.0,108.0,595.0,676.0,4.0,1382.0,856.0,1.0,4.0,3.0,18894.0,61.0,2077.0,2898.0,1000.0,216.0,27367.0,38.0,1.0,491.0,0.0,32.0,14.0,2013-2014
Newcastle United,15.0,19.0,43.0,53.0,6.0,579.0,182.0,14.0,8.0,2.0,1.0,35.0,8.0,3.0,78.0,10.0,59.0,108.0,101.0,601.0,736.0,15.0,1110.0,596.0,1.0,5.0,5.0,16087.0,131.0,1810.0,2424.0,787.0,190.0,24484.0,45.0,4.0,453.0,0.0,51.0,21.0,2013-2014
Southampton,15.0,12.0,54.0,60.0,0.0,534.0,179.0,16.0,10.0,3.0,2.0,46.0,8.0,2.0,97.0,15.0,46.0,85.0,66.0,528.0,805.0,6.0,1201.0,638.0,1.0,3.0,3.0,19577.0,80.0,2401.0,3121.0,877.0,210.0,28030.0,37.0,1.0,522.0,0.0,50.0,18.0,2013-2014
Crystal Palace,13.0,19.0,33.0,58.0,2.0,414.0,143.0,9.0,6.0,5.0,1.0,28.0,5.0,2.0,71.0,12.0,48.0,119.0,139.0,695.0,845.0,7.0,1409.0,852.0,2.0,6.0,6.0,11792.0,19.0,1904.0,1752.0,706.0,172.0,20309.0,31.0,4.0,361.0,0.0,81.0,8.0,2013-2014
Stoke City,13.0,14.0,45.0,72.0,5.0,428.0,137.0,14.0,2.0,4.0,2.0,31.0,14.0,3.0,81.0,9.0,52.0,127.0,153.0,474.0,791.0,5.0,1090.0,604.0,1.0,7.0,5.0,15324.0,40.0,1970.0,2453.0,731.0,164.0,23324.0,36.0,2.0,469.0,2.0,84.0,17.0,2013-2014
Swansea City,11.0,18.0,54.0,55.0,3.0,496.0,161.0,7.0,9.0,4.0,0.0,45.0,9.0,0.0,76.0,8.0,54.0,96.0,117.0,644.0,674.0,7.0,1083.0,606.0,1.0,4.0,4.0,21113.0,49.0,2126.0,3312.0,902.0,226.0,29158.0,20.0,6.0,400.0,0.0,45.0,20.0,2013-2014
West Ham United,11.0,20.0,40.0,62.0,5.0,422.0,122.0,11.0,5.0,2.0,1.0,36.0,4.0,2.0,76.0,14.0,51.0,151.0,199.0,404.0,651.0,12.0,1401.0,820.0,1.0,6.0,6.0,12364.0,34.0,2061.0,2016.0,951.0,185.0,20511.0,33.0,8.0,371.0,0.0,54.0,9.0,2013-2014
Aston Villa,10.0,20.0,39.0,78.0,0.0,431.0,135.0,11.0,10.0,2.0,3.0,33.0,6.0,4.0,84.0,9.0,61.0,110.0,126.0,460.0,747.0,4.0,1068.0,487.0,4.0,6.0,5.0,13856.0,30.0,2298.0,2231.0,749.0,163.0,21453.0,27.0,3.0,359.0,1.0,102.0,15.0,2013-2014
Hull City,10.0,21.0,38.0,53.0,4.0,427.0,132.0,16.0,10.0,2.0,1.0,30.0,8.0,2.0,86.0,10.0,53.0,106.0,146.0,616.0,723.0,4.0,1048.0,588.0,2.0,4.0,3.0,15267.0,22.0,2181.0,2431.0,853.0,160.0,22985.0,31.0,6.0,413.0,1.0,24.0,24.0,2013-2014
Sunderland,10.0,20.0,41.0,69.0,7.0,491.0,138.0,10.0,7.0,6.0,1.0,37.0,4.0,4.0,70.0,11.0,60.0,160.0,144.0,414.0,702.0,2.0,903.0,510.0,6.0,2.0,2.0,14457.0,41.0,2092.0,2254.0,749.0,188.0,21922.0,29.0,3.0,411.0,0.0,71.0,20.0,2013-2014
Fulham,9.0,24.0,40.0,58.0,1.0,431.0,149.0,11.0,7.0,2.0,1.0,31.0,9.0,1.0,86.0,5.0,85.0,154.0,182.0,499.0,702.0,4.0,1351.0,779.0,5.0,4.0,4.0,14674.0,32.0,2180.0,2329.0,708.0,194.0,22771.0,45.0,12.0,483.0,0.0,71.0,21.0,2013-2014
Norwich City,8.0,21.0,28.0,62.0,2.0,467.0,148.0,15.0,7.0,1.0,1.0,19.0,9.0,1.0,48.0,12.0,62.0,125.0,154.0,529.0,675.0,4.0,1071.0,472.0,3.0,4.0,4.0,14747.0,58.0,2105.0,2264.0,818.0,197.0,22570.0,37.0,10.0,489.0,0.0,72.0,11.0,2013-2014
Cardiff City,7.0,22.0,32.0,49.0,1.0,418.0,124.0,10.0,9.0,1.0,0.0,28.0,4.0,0.0,81.0,7.0,74.0,157.0,178.0,491.0,619.0,4.0,1268.0,702.0,0.0,2.0,2.0,14007.0,35.0,2047.0,2195.0,792.0,196.0,22018.0,30.0,5.0,490.0,0.0,59.0,13.0,2013-2014
West Bromwich Albion,7.0,16.0,43.0,67.0,0.0,487.0,146.0,6.0,6.0,2.0,0.0,35.0,8.0,1.0,91.0,7.0,59.0,114.0,125.0,595.0,701.0,1.0,1176.0,712.0,2.0,7.0,5.0,14704.0,41.0,1942.0,2036.0,834.0,187.0,22866.0,35.0,0.0,514.0,2.0,65.0,14.0,2013-2014
Chelsea,26.0,3.0,73.0,73.0,4.0,564.0,210.0,15.0,10.0,4.0,1.0,66.0,7.0,1.0,75.0,17.0,32.0,90.0,102.0,376.0,759.0,2.0,1027.0,611.0,1.0,3.0,3.0,20268.0,73.0,2276.0,3259.0,682.0,226.0,27861.0,40.0,2.0,476.0,0.0,73.0,13.0,2014-2015
Manchester City,24.0,7.0,83.0,77.0,2.0,670.0,229.0,18.0,5.0,7.0,3.0,68.0,15.0,9.0,78.0,14.0,38.0,93.0,98.0,569.0,751.0,1.0,872.0,498.0,3.0,4.0,3.0,22107.0,115.0,1937.0,3140.0,795.0,277.0,29652.0,42.0,1.0,546.0,1.0,52.0,31.0,2014-2015
Arsenal,22.0,7.0,71.0,68.0,2.0,610.0,227.0,13.0,10.0,6.0,3.0,62.0,9.0,2.0,64.0,13.0,36.0,96.0,106.0,762.0,739.0,3.0,1006.0,565.0,1.0,3.0,3.0,20527.0,202.0,1749.0,2793.0,866.0,254.0,29045.0,51.0,2.0,476.0,0.0,76.0,13.0,2014-2015
Manchester United,20.0,8.0,62.0,64.0,5.0,512.0,180.0,11.0,12.0,3.0,2.0,55.0,7.0,2.0,87.0,11.0,37.0,100.0,96.0,679.0,739.0,4.0,1118.0,638.0,1.0,4.0,3.0,21311.0,89.0,2969.0,3457.0,908.0,214.0,29044.0,43.0,5.0,393.0,1.0,33.0,7.0,2014-2015
Tottenham Hotspur,19.0,12.0,58.0,79.0,4.0,527.0,171.0,11.0,8.0,3.0,4.0,47.0,11.0,2.0,77.0,9.0,53.0,119.0,117.0,674.0,815.0,6.0,1047.0,636.0,2.0,7.0,5.0,19322.0,69.0,2357.0,2604.0,742.0,224.0,27495.0,39.0,1.0,552.0,1.0,51.0,28.0,2014-2015
Liverpool,18.0,12.0,52.0,66.0,3.0,590.0,192.0,12.0,5.0,5.0,1.0,44.0,8.0,2.0,75.0,14.0,48.0,93.0,105.0,442.0,798.0,9.0,1175.0,628.0,2.0,3.0,1.0,19374.0,103.0,2151.0,2787.0,638.0,198.0,27353.0,34.0,3.0,468.0,2.0,38.0,41.0,2014-2015
Southampton,18.0,14.0,54.0,57.0,3.0,509.0,169.0,17.0,3.0,2.0,0.0,50.0,4.0,0.0,93.0,15.0,33.0,80.0,94.0,619.0,813.0,5.0,875.0,400.0,0.0,2.0,2.0,18184.0,38.0,2729.0,2850.0,952.0,208.0,25815.0,44.0,4.0,422.0,0.0,50.0,15.0,2014-2015
Swansea City,16.0,14.0,46.0,48.0,5.0,426.0,147.0,12.0,5.0,2.0,2.0,38.0,8.0,1.0,80.0,13.0,49.0,141.0,146.0,693.0,634.0,0.0,1203.0,646.0,1.0,2.0,2.0,17877.0,56.0,2291.0,2918.0,634.0,151.0,25645.0,35.0,3.0,363.0,0.0,91.0,31.0,2014-2015
Stoke City,15.0,14.0,48.0,82.0,1.0,500.0,136.0,9.0,14.0,3.0,0.0,41.0,7.0,1.0,75.0,9.0,45.0,96.0,134.0,496.0,729.0,8.0,1159.0,694.0,0.0,5.0,5.0,15386.0,12.0,2429.0,2317.0,887.0,195.0,23427.0,32.0,3.0,428.0,0.0,68.0,12.0,2014-2015
Crystal Palace,13.0,16.0,47.0,63.0,4.0,441.0,139.0,14.0,10.0,5.0,4.0,41.0,6.0,0.0,77.0,7.0,51.0,94.0,154.0,600.0,791.0,2.0,1270.0,779.0,0.0,6.0,4.0,12071.0,22.0,2609.0,1732.0,834.0,209.0,20386.0,25.0,7.0,325.0,2.0,77.0,9.0,2014-2015
Everton,12.0,15.0,48.0,66.0,2.0,483.0,166.0,11.0,10.0,4.0,1.0,40.0,8.0,5.0,83.0,10.0,50.0,80.0,167.0,444.0,657.0,8.0,1280.0,737.0,2.0,4.0,4.0,18809.0,64.0,2563.0,2908.0,690.0,194.0,26729.0,32.0,3.0,461.0,0.0,71.0,24.0,2014-2015
West Ham United,12.0,15.0,44.0,64.0,2.0,488.0,152.0,13.0,15.0,1.0,1.0,35.0,9.0,1.0,91.0,9.0,47.0,133.0,165.0,505.0,647.0,7.0,1474.0,835.0,2.0,5.0,2.0,13568.0,42.0,2548.0,2180.0,968.0,241.0,21793.0,37.0,3.0,404.0,3.0,52.0,15.0,2014-2015
Leicester City,11.0,19.0,46.0,49.0,4.0,456.0,137.0,12.0,7.0,3.0,0.0,38.0,8.0,3.0,60.0,10.0,55.0,124.0,161.0,750.0,791.0,5.0,1177.0,701.0,5.0,4.0,3.0,13343.0,22.0,2706.0,1985.0,912.0,211.0,21547.0,44.0,2.0,355.0,0.0,38.0,26.0,2014-2015
West Bromwich Albion,11.0,16.0,38.0,64.0,3.0,412.0,132.0,10.0,16.0,4.0,0.0,35.0,3.0,1.0,65.0,16.0,51.0,131.0,155.0,585.0,696.0,2.0,1084.0,597.0,0.0,7.0,5.0,14445.0,56.0,2732.0,2147.0,712.0,171.0,21820.0,25.0,4.0,507.0,1.0,76.0,13.0,2014-2015
Aston Villa,10.0,20.0,31.0,70.0,7.0,418.0,125.0,5.0,7.0,1.0,1.0,28.0,3.0,2.0,70.0,10.0,57.0,112.0,135.0,487.0,623.0,6.0,1130.0,661.0,1.0,4.0,4.0,16527.0,14.0,2740.0,2575.0,766.0,171.0,23785.0,26.0,2.0,413.0,0.0,77.0,18.0,2014-2015
Newcastle United,10.0,19.0,40.0,65.0,7.0,468.0,143.0,6.0,7.0,1.0,0.0,34.0,6.0,1.0,38.0,8.0,63.0,98.0,100.0,639.0,824.0,6.0,1020.0,569.0,1.0,4.0,4.0,15019.0,57.0,2378.0,2320.0,864.0,222.0,23375.0,34.0,3.0,466.0,0.0,53.0,21.0,2014-2015
Hull City,8.0,19.0,33.0,73.0,6.0,428.0,131.0,11.0,10.0,1.0,0.0,30.0,3.0,2.0,72.0,10.0,51.0,102.0,158.0,607.0,763.0,2.0,1316.0,761.0,0.0,3.0,1.0,14864.0,21.0,2726.0,2237.0,804.0,169.0,22464.0,22.0,7.0,443.0,2.0,36.0,23.0,2014-2015
Queens Park Rangers,8.0,24.0,42.0,75.0,3.0,534.0,150.0,16.0,10.0,3.0,1.0,34.0,8.0,1.0,81.0,6.0,73.0,142.0,159.0,561.0,781.0,6.0,1445.0,884.0,4.0,4.0,2.0,13659.0,17.0,3004.0,1922.0,756.0,179.0,21907.0,39.0,6.0,468.0,2.0,57.0,20.0,2014-2015
Burnley,7.0,19.0,28.0,64.0,2.0,430.0,125.0,13.0,8.0,1.0,1.0,24.0,4.0,0.0,64.0,10.0,53.0,128.0,180.0,568.0,615.0,3.0,1458.0,999.0,2.0,5.0,3.0,13632.0,17.0,3021.0,1891.0,783.0,171.0,21624.0,27.0,8.0,345.0,2.0,53.0,15.0,2014-2015
Sunderland,7.0,14.0,31.0,94.0,2.0,408.0,130.0,11.0,8.0,4.0,2.0,25.0,6.0,2.0,69.0,13.0,53.0,144.0,168.0,578.0,759.0,4.0,994.0,525.0,5.0,4.0,4.0,14451.0,40.0,2484.0,2290.0,687.0,186.0,22037.0,23.0,3.0,411.0,0.0,82.0,17.0,2014-2015
Leicester City,23.0,3.0,68.0,48.0,3.0,522.0,179.0,11.0,11.0,10.0,0.0,65.0,3.0,6.0,50.0,15.0,36.0,99.0,166.0,819.0,869.0,0.0,1040.0,552.0,0.0,4.0,4.0,13370.0,54.0,2695.0,1970.0,762.0,197.0,21710.0,61.0,7.0,366.0,0.0,49.0,22.0,2015-2016
Arsenal,20.0,7.0,65.0,40.0,4.0,571.0,211.0,21.0,13.0,1.0,1.0,61.0,4.0,3.0,86.0,18.0,36.0,118.0,128.0,734.0,709.0,4.0,849.0,418.0,3.0,1.0,1.0,21249.0,168.0,1859.0,2946.0,754.0,227.0,29337.0,69.0,3.0,511.0,0.0,45.0,20.0,2015-2016
Manchester City,19.0,10.0,71.0,61.0,0.0,615.0,210.0,15.0,13.0,5.0,0.0,57.0,14.0,5.0,63.0,16.0,41.0,86.0,66.0,630.0,729.0,3.0,940.0,513.0,1.0,1.0,1.0,20488.0,84.0,2082.0,2895.0,866.0,257.0,28396.0,50.0,2.0,556.0,0.0,38.0,41.0,2015-2016
Manchester United,19.0,10.0,49.0,65.0,1.0,430.0,144.0,9.0,5.0,3.0,1.0,44.0,5.0,2.0,75.0,18.0,35.0,90.0,96.0,594.0,760.0,4.0,755.0,373.0,2.0,2.0,2.0,20070.0,43.0,2649.0,3221.0,786.0,228.0,27542.0,28.0,4.0,522.0,0.0,29.0,13.0,2015-2016
Tottenham Hotspur,19.0,6.0,69.0,72.0,0.0,659.0,252.0,19.0,7.0,5.0,2.0,59.0,10.0,3.0,72.0,13.0,35.0,89.0,140.0,645.0,805.0,1.0,1046.0,576.0,3.0,2.0,2.0,18649.0,64.0,2554.0,2708.0,738.0,254.0,27014.0,47.0,2.0,581.0,0.0,38.0,27.0,2015-2016
Southampton,18.0,11.0,59.0,57.0,6.0,519.0,166.0,13.0,15.0,3.0,1.0,53.0,6.0,3.0,98.0,12.0,41.0,94.0,136.0,709.0,714.0,3.0,1101.0,515.0,0.0,1.0,1.0,15913.0,46.0,2509.0,2385.0,956.0,220.0,23716.0,43.0,6.0,425.0,0.0,36.0,12.0,2015-2016
Liverpool,16.0,10.0,63.0,61.0,3.0,629.0,202.0,16.0,12.0,2.0,1.0,48.0,15.0,1.0,91.0,11.0,50.0,81.0,108.0,549.0,871.0,4.0,871.0,407.0,1.0,3.0,2.0,19733.0,75.0,2370.0,2842.0,780.0,265.0,27890.0,36.0,2.0,560.0,1.0,41.0,18.0,2015-2016
West Ham United,16.0,8.0,65.0,58.0,5.0,558.0,185.0,19.0,15.0,4.0,4.0,55.0,10.0,2.0,82.0,11.0,51.0,111.0,162.0,668.0,711.0,1.0,1003.0,568.0,2.0,8.0,6.0,15031.0,32.0,2568.0,2236.0,805.0,224.0,23104.0,39.0,8.0,389.0,2.0,50.0,19.0,2015-2016
Stoke City,14.0,15.0,41.0,51.0,4.0,419.0,128.0,5.0,9.0,5.0,0.0,33.0,8.0,0.0,103.0,10.0,55.0,121.0,149.0,576.0,710.0,7.0,826.0,426.0,0.0,5.0,5.0,16342.0,60.0,2379.0,2440.0,683.0,153.0,23663.0,35.0,3.0,359.0,0.0,59.0,15.0,2015-2016
Chelsea,12.0,12.0,59.0,58.0,5.0,526.0,173.0,4.0,6.0,4.0,4.0,48.0,11.0,1.0,90.0,9.0,53.0,122.0,136.0,518.0,790.0,2.0,790.0,398.0,2.0,4.0,3.0,19664.0,74.0,2312.0,2933.0,732.0,240.0,27362.0,33.0,4.0,413.0,1.0,54.0,27.0,2015-2016
Swansea City,12.0,15.0,42.0,60.0,1.0,441.0,136.0,14.0,6.0,5.0,3.0,35.0,7.0,3.0,82.0,9.0,52.0,119.0,134.0,679.0,638.0,2.0,1058.0,559.0,5.0,2.0,2.0,18169.0,46.0,2416.0,2796.0,725.0,163.0,25989.0,31.0,2.0,465.0,0.0,85.0,34.0,2015-2016
Watford,12.0,17.0,40.0,73.0,3.0,446.0,140.0,9.0,5.0,6.0,1.0,37.0,3.0,0.0,52.0,11.0,50.0,121.0,111.0,764.0,794.0,1.0,931.0,394.0,2.0,8.0,4.0,14530.0,29.0,2939.0,2164.0,704.0,164.0,22363.0,31.0,2.0,391.0,3.0,67.0,66.0,2015-2016
AFC Bournemouth,11.0,18.0,45.0,53.0,1.0,464.0,143.0,8.0,11.0,3.0,0.0,39.0,6.0,0.0,66.0,7.0,67.0,90.0,106.0,640.0,709.0,1.0,951.0,526.0,0.0,6.0,4.0,17270.0,33.0,2484.0,2541.0,749.0,221.0,25291.0,25.0,2.0,410.0,2.0,58.0,12.0,2015-2016
Crystal Palace,11.0,18.0,39.0,60.0,2.0,469.0,153.0,12.0,7.0,4.0,1.0,33.0,6.0,0.0,81.0,8.0,51.0,122.0,176.0,698.0,649.0,3.0,963.0,506.0,4.0,4.0,4.0,13785.0,16.0,2759.0,2185.0,969.0,219.0,21861.0,36.0,4.0,467.0,0.0,43.0,5.0,2015-2016
Everton,11.0,13.0,59.0,44.0,5.0,491.0,175.0,18.0,10.0,4.0,0.0,53.0,6.0,2.0,55.0,10.0,55.0,127.0,160.0,511.0,730.0,3.0,994.0,489.0,1.0,6.0,5.0,17947.0,57.0,2742.0,2699.0,782.0,218.0,25741.0,49.0,4.0,453.0,0.0,53.0,14.0,2015-2016
West Bromwich Albion,10.0,15.0,34.0,65.0,3.0,388.0,107.0,10.0,12.0,1.0,1.0,31.0,3.0,0.0,68.0,11.0,48.0,109.0,172.0,721.0,642.0,4.0,992.0,547.0,3.0,6.0,5.0,12262.0,29.0,2661.0,1638.0,847.0,188.0,19822.0,28.0,5.0,480.0,0.0,54.0,14.0,2015-2016
Newcastle United,9.0,19.0,44.0,60.0,5.0,397.0,151.0,6.0,12.0,3.0,1.0,38.0,6.0,4.0,59.0,8.0,65.0,115.0,155.0,646.0,793.0,4.0,939.0,486.0,2.0,5.0,4.0,15118.0,28.0,2578.0,2357.0,775.0,161.0,22993.0,26.0,2.0,435.0,1.0,70.0,31.0,2015-2016
Norwich City,9.0,22.0,39.0,61.0,3.0,418.0,129.0,11.0,3.0,1.0,0.0,33.0,6.0,0.0,93.0,5.0,67.0,103.0,108.0,473.0,608.0,3.0,1212.0,708.0,2.0,10.0,9.0,14483.0,17.0,2722.0,2124.0,818.0,188.0,21936.0,30.0,4.0,426.0,0.0,63.0,20.0,2015-2016
Sunderland,9.0,17.0,48.0,64.0,2.0,439.0,141.0,10.0,2.0,3.0,4.0,40.0,8.0,2.0,88.0,7.0,62.0,156.0,144.0,571.0,767.0,4.0,1277.0,616.0,1.0,8.0,7.0,12799.0,57.0,2635.0,1841.0,589.0,153.0,20339.0,29.0,7.0,376.0,0.0,64.0,19.0,2015-2016
Aston Villa,3.0,27.0,27.0,75.0,3.0,380.0,110.0,7.0,6.0,2.0,0.0,21.0,6.0,1.0,42.0,6.0,76.0,116.0,111.0,768.0,731.0,2.0,973.0,499.0,4.0,5.0,3.0,15308.0,12.0,2507.0,2269.0,796.0,167.0,23234.0,20.0,5.0,338.0,1.0,66.0,28.0,2015-2016
Chelsea,30.0,5.0,85.0,72.0,0.0,580.0,204.0,17.0,8.0,2.0,3.0,73.0,12.0,7.0,64.0,16.0,33.0,69.0,78.0,510.0,652.0,0.0,839.0,500.0,1.0,2.0,2.0,20125.0,103.0,2399.0,2967.0,688.0,218.0,27658.0,32.0,3.0,436.0,0.0,38.0,18.0,2016-2017
Tottenham Hotspur,26.0,4.0,86.0,62.0,0.0,669.0,257.0,22.0,10.0,7.0,0.0,74.0,12.0,3.0,74.0,17.0,26.0,85.0,99.0,314.0,661.0,1.0,1003.0,526.0,1.0,2.0,2.0,20150.0,45.0,2662.0,3130.0,761.0,273.0,28150.0,41.0,1.0,484.0,0.0,21.0,11.0,2016-2017
Arsenal,23.0,9.0,77.0,68.0,3.0,566.0,201.0,17.0,17.0,4.0,2.0,70.0,7.0,2.0,95.0,13.0,44.0,124.0,95.0,536.0,673.0,5.0,838.0,484.0,1.0,10.0,10.0,21394.0,129.0,1979.0,2835.0,697.0,227.0,28931.0,41.0,1.0,465.0,0.0,36.0,10.0,2016-2017
Manchester City,23.0,6.0,80.0,71.0,4.0,633.0,216.0,20.0,8.0,7.0,2.0,73.0,7.0,6.0,89.0,12.0,39.0,64.0,66.0,504.0,643.0,0.0,905.0,544.0,1.0,5.0,2.0,22706.0,124.0,1997.0,3534.0,801.0,280.0,30363.0,48.0,4.0,465.0,2.0,26.0,20.0,2016-2017
Liverpool,22.0,6.0,78.0,54.0,0.0,640.0,236.0,18.0,12.0,7.0,3.0,65.0,13.0,3.0,77.0,12.0,42.0,73.0,65.0,410.0,719.0,2.0,877.0,451.0,0.0,5.0,3.0,22290.0,57.0,2565.0,3291.0,812.0,249.0,30071.0,35.0,0.0,472.0,2.0,36.0,26.0,2016-2017
Manchester United,18.0,5.0,54.0,78.0,2.0,591.0,210.0,19.0,9.0,3.0,1.0,47.0,7.0,5.0,99.0,17.0,29.0,85.0,99.0,584.0,690.0,4.0,1112.0,580.0,1.0,5.0,4.0,20245.0,99.0,2424.0,3177.0,848.0,217.0,28119.0,50.0,1.0,389.0,1.0,32.0,4.0,2016-2017
Everton,17.0,11.0,62.0,72.0,2.0,502.0,191.0,12.0,13.0,3.0,2.0,59.0,3.0,2.0,82.0,13.0,44.0,96.0,149.0,461.0,712.0,6.0,1118.0,628.0,1.0,6.0,3.0,17586.0,38.0,2968.0,2744.0,767.0,196.0,25309.0,28.0,9.0,469.0,2.0,56.0,19.0,2016-2017
AFC Bournemouth,12.0,16.0,55.0,52.0,3.0,452.0,160.0,19.0,5.0,7.0,0.0,51.0,5.0,2.0,53.0,10.0,67.0,123.0,150.0,460.0,604.0,1.0,1092.0,616.0,5.0,5.0,2.0,17152.0,51.0,2461.0,2651.0,628.0,193.0,24801.0,31.0,4.0,439.0,2.0,36.0,21.0,2016-2017
Crystal Palace,12.0,21.0,50.0,77.0,0.0,439.0,138.0,8.0,13.0,4.0,0.0,48.0,2.0,0.0,55.0,7.0,63.0,108.0,125.0,553.0,699.0,4.0,1022.0,557.0,0.0,2.0,2.0,13542.0,20.0,2729.0,2108.0,872.0,203.0,21533.0,27.0,7.0,496.0,0.0,56.0,12.0,2016-2017
Leicester City,12.0,18.0,48.0,72.0,1.0,433.0,145.0,8.0,10.0,4.0,1.0,39.0,9.0,4.0,65.0,9.0,63.0,131.0,141.0,538.0,677.0,3.0,1025.0,567.0,2.0,4.0,4.0,13671.0,25.0,2792.0,1916.0,731.0,197.0,21051.0,29.0,2.0,310.0,0.0,45.0,16.0,2016-2017
Southampton,12.0,16.0,41.0,59.0,2.0,550.0,179.0,12.0,4.0,3.0,0.0,37.0,4.0,0.0,73.0,14.0,48.0,76.0,128.0,514.0,675.0,1.0,914.0,505.0,1.0,9.0,6.0,18245.0,57.0,2336.0,2784.0,947.0,198.0,25881.0,34.0,4.0,455.0,1.0,26.0,12.0,2016-2017
Swansea City,12.0,21.0,45.0,56.0,0.0,405.0,145.0,10.0,15.0,3.0,2.0,40.0,5.0,1.0,49.0,8.0,70.0,121.0,136.0,459.0,635.0,1.0,1037.0,539.0,5.0,9.0,6.0,16131.0,15.0,2579.0,2495.0,864.0,196.0,23728.0,25.0,2.0,446.0,1.0,72.0,16.0,2016-2017
West Bromwich Albion,12.0,17.0,43.0,80.0,0.0,399.0,123.0,11.0,16.0,1.0,1.0,37.0,6.0,3.0,59.0,6.0,51.0,116.0,150.0,537.0,605.0,0.0,999.0,577.0,1.0,3.0,3.0,11825.0,37.0,2653.0,1798.0,766.0,159.0,19042.0,24.0,3.0,445.0,0.0,53.0,10.0,2016-2017
West Ham United,12.0,17.0,47.0,78.0,5.0,499.0,138.0,14.0,14.0,3.0,3.0,41.0,6.0,3.0,74.0,10.0,64.0,117.0,112.0,614.0,574.0,4.0,1074.0,625.0,0.0,8.0,5.0,15127.0,37.0,2622.0,2312.0,752.0,172.0,22666.0,24.0,3.0,367.0,1.0,47.0,11.0,2016-2017
Burnley,11.0,20.0,39.0,65.0,2.0,391.0,120.0,5.0,4.0,6.0,3.0,31.0,8.0,2.0,101.0,10.0,55.0,151.0,221.0,539.0,638.0,2.0,1233.0,698.0,2.0,5.0,4.0,12558.0,21.0,3176.0,1888.0,650.0,149.0,19776.0,18.0,6.0,334.0,1.0,29.0,14.0,2016-2017
Stoke City,11.0,16.0,41.0,70.0,2.0,425.0,137.0,14.0,7.0,4.0,2.0,36.0,5.0,0.0,85.0,11.0,56.0,127.0,159.0,497.0,666.0,3.0,1009.0,505.0,5.0,3.0,1.0,14558.0,54.0,2507.0,2170.0,718.0,188.0,22087.0,41.0,5.0,415.0,1.0,40.0,23.0,2016-2017
Watford,11.0,20.0,40.0,84.0,5.0,422.0,143.0,7.0,9.0,3.0,0.0,36.0,4.0,0.0,61.0,7.0,68.0,121.0,140.0,512.0,618.0,0.0,1016.0,494.0,2.0,4.0,3.0,14049.0,22.0,2600.0,2200.0,686.0,164.0,21547.0,25.0,3.0,390.0,1.0,53.0,35.0,2016-2017
Hull City,9.0,22.0,37.0,67.0,5.0,397.0,126.0,10.0,5.0,3.0,2.0,33.0,4.0,3.0,71.0,5.0,80.0,137.0,184.0,573.0,631.0,3.0,1101.0,600.0,5.0,13.0,11.0,15596.0,41.0,2650.0,2487.0,739.0,179.0,22779.0,18.0,6.0,399.0,2.0,40.0,18.0,2016-2017
Sunderland,6.0,26.0,29.0,78.0,4.0,387.0,119.0,4.0,1.0,5.0,0.0,26.0,3.0,0.0,78.0,6.0,69.0,176.0,171.0,543.0,630.0,0.0,1170.0,616.0,2.0,4.0,4.0,12359.0,38.0,2592.0,1880.0,616.0,159.0,19639.0,19.0,5.0,388.0,0.0,57.0,24.0,2016-2017
Middlesbrough,5.0,20.0,27.0,77.0,1.0,351.0,100.0,6.0,8.0,2.0,0.0,26.0,1.0,3.0,51.0,11.0,53.0,117.0,149.0,549.0,727.0,4.0,1090.0,575.0,0.0,5.0,4.0,15736.0,37.0,2856.0,2448.0,722.0,141.0,23067.0,19.0,4.0,357.0,0.0,39.0,17.0,2016-2017
Manchester City,32.0,2.0,106.0,59.0,2.0,665.0,265.0,23.0,12.0,6.0,1.0,93.0,13.0,4.0,67.0,18.0,27.0,62.0,53.0,346.0,563.0,3.0,588.0,308.0,2.0,2.0,0.0,28241.0,118.0,1775.0,4546.0,691.0,284.0,35130.0,63.0,4.0,406.0,2.0,21.0,15.0,2017-2018
Manchester United,25.0,7.0,68.0,64.0,1.0,512.0,178.0,16.0,12.0,1.0,2.0,56.0,13.0,4.0,88.0,19.0,28.0,118.0,112.0,481.0,564.0,0.0,853.0,436.0,2.0,1.0,1.0,20064.0,85.0,2308.0,2878.0,753.0,220.0,27525.0,42.0,4.0,399.0,0.0,20.0,6.0,2017-2018
Tottenham Hotspur,23.0,7.0,74.0,50.0,2.0,623.0,216.0,13.0,11.0,2.0,1.0,64.0,11.0,8.0,88.0,16.0,36.0,93.0,74.0,380.0,618.0,3.0,825.0,422.0,1.0,3.0,2.0,21660.0,83.0,2447.0,3176.0,825.0,246.0,29412.0,50.0,1.0,460.0,0.0,20.0,21.0,2017-2018
Chelsea,21.0,10.0,62.0,42.0,4.0,606.0,220.0,11.0,17.0,3.0,2.0,52.0,10.0,1.0,108.0,16.0,38.0,83.0,107.0,423.0,636.0,1.0,768.0,419.0,2.0,2.0,2.0,21264.0,70.0,2140.0,3019.0,755.0,230.0,28728.0,48.0,3.0,415.0,0.0,27.0,12.0,2017-2018
Liverpool,21.0,5.0,84.0,44.0,1.0,638.0,233.0,16.0,12.0,2.0,2.0,75.0,9.0,9.0,70.0,17.0,38.0,67.0,71.0,379.0,637.0,4.0,736.0,362.0,0.0,6.0,4.0,22962.0,106.0,2370.0,3313.0,764.0,230.0,30324.0,61.0,2.0,447.0,2.0,25.0,20.0,2017-2018
Arsenal,19.0,13.0,74.0,57.0,2.0,594.0,234.0,17.0,13.0,4.0,1.0,68.0,7.0,0.0,89.0,13.0,51.0,100.0,104.0,427.0,623.0,5.0,829.0,449.0,0.0,6.0,5.0,23524.0,117.0,1994.0,3089.0,572.0,225.0,30635.0,57.0,5.0,412.0,1.0,39.0,24.0,2017-2018
Burnley,14.0,12.0,36.0,65.0,0.0,378.0,128.0,9.0,10.0,0.0,1.0,32.0,4.0,0.0,100.0,12.0,39.0,122.0,191.0,401.0,533.0,2.0,1184.0,640.0,1.0,6.0,3.0,13572.0,18.0,3028.0,2245.0,707.0,167.0,20732.0,22.0,5.0,344.0,1.0,60.0,19.0,2017-2018
Everton,13.0,15.0,44.0,51.0,3.0,359.0,121.0,7.0,8.0,5.0,0.0,36.0,8.0,2.0,82.0,10.0,58.0,121.0,160.0,514.0,644.0,0.0,1229.0,617.0,1.0,5.0,3.0,14749.0,25.0,2726.0,2212.0,629.0,150.0,22298.0,36.0,6.0,381.0,1.0,28.0,23.0,2017-2018
Leicester City,12.0,15.0,56.0,52.0,5.0,423.0,149.0,8.0,9.0,5.0,1.0,49.0,7.0,7.0,92.0,9.0,60.0,107.0,130.0,413.0,630.0,1.0,920.0,487.0,2.0,4.0,2.0,15200.0,63.0,2667.0,2094.0,744.0,203.0,22770.0,35.0,4.0,358.0,2.0,29.0,23.0,2017-2018
Newcastle United,12.0,18.0,39.0,52.0,2.0,451.0,149.0,12.0,7.0,0.0,1.0,34.0,5.0,5.0,63.0,9.0,47.0,105.0,117.0,441.0,644.0,6.0,1125.0,594.0,3.0,6.0,4.0,14028.0,67.0,2610.0,2018.0,616.0,167.0,21506.0,33.0,7.0,410.0,2.0,40.0,18.0,2017-2018
AFC Bournemouth,11.0,16.0,45.0,55.0,1.0,465.0,158.0,10.0,4.0,3.0,1.0,38.0,7.0,0.0,52.0,6.0,61.0,111.0,160.0,367.0,508.0,3.0,1037.0,523.0,1.0,3.0,2.0,16131.0,37.0,2299.0,2257.0,707.0,218.0,23634.0,24.0,6.0,419.0,1.0,37.0,20.0,2017-2018
Crystal Palace,11.0,16.0,45.0,72.0,0.0,476.0,151.0,8.0,4.0,8.0,1.0,39.0,6.0,3.0,56.0,9.0,55.0,122.0,117.0,552.0,685.0,6.0,1022.0,517.0,2.0,2.0,2.0,14372.0,30.0,2416.0,2091.0,703.0,210.0,22434.0,55.0,6.0,482.0,0.0,39.0,11.0,2017-2018
Watford,11.0,19.0,44.0,63.0,4.0,440.0,132.0,8.0,9.0,3.0,0.0,38.0,6.0,1.0,74.0,9.0,64.0,95.0,98.0,467.0,668.0,2.0,953.0,492.0,1.0,6.0,6.0,15654.0,27.0,2410.0,2241.0,713.0,183.0,23127.0,36.0,5.0,410.0,0.0,25.0,28.0,2017-2018
West Ham United,10.0,16.0,48.0,73.0,2.0,372.0,133.0,14.0,6.0,2.0,1.0,39.0,10.0,4.0,97.0,10.0,68.0,122.0,154.0,482.0,621.0,2.0,1007.0,560.0,1.0,7.0,5.0,14369.0,51.0,2567.0,2177.0,732.0,161.0,21928.0,29.0,4.0,390.0,1.0,19.0,19.0,2017-2018
Brighton and Hove Albion,9.0,16.0,34.0,54.0,2.0,384.0,119.0,8.0,7.0,5.0,0.0,30.0,4.0,0.0,98.0,10.0,54.0,124.0,190.0,449.0,599.0,1.0,1085.0,625.0,5.0,3.0,1.0,14675.0,32.0,2774.0,2204.0,680.0,163.0,21668.0,30.0,10.0,296.0,2.0,38.0,14.0,2017-2018
Huddersfield Town,9.0,19.0,28.0,62.0,3.0,362.0,109.0,8.0,5.0,2.0,0.0,27.0,1.0,2.0,67.0,10.0,58.0,103.0,118.0,519.0,744.0,4.0,1070.0,490.0,1.0,6.0,4.0,14960.0,26.0,2563.0,2267.0,765.0,165.0,22619.0,21.0,6.0,416.0,2.0,31.0,24.0,2017-2018
Swansea City,8.0,21.0,28.0,51.0,1.0,338.0,103.0,8.0,3.0,1.0,0.0,24.0,4.0,0.0,38.0,9.0,56.0,137.0,124.0,390.0,610.0,2.0,943.0,499.0,2.0,7.0,3.0,15721.0,23.0,2580.0,2582.0,694.0,150.0,22775.0,26.0,1.0,439.0,3.0,44.0,15.0,2017-2018
Southampton,7.0,16.0,37.0,63.0,2.0,450.0,145.0,15.0,7.0,3.0,1.0,34.0,3.0,2.0,73.0,8.0,56.0,110.0,128.0,462.0,658.0,4.0,953.0,509.0,1.0,2.0,1.0,17174.0,56.0,2541.0,2589.0,800.0,227.0,24639.0,37.0,4.0,379.0,1.0,29.0,13.0,2017-2018
Stoke City,7.0,19.0,35.0,62.0,1.0,384.0,132.0,8.0,8.0,0.0,1.0,28.0,8.0,2.0,87.0,6.0,68.0,152.0,142.0,461.0,678.0,9.0,1164.0,609.0,2.0,5.0,5.0,12892.0,33.0,2528.0,1979.0,598.0,136.0,20368.0,33.0,3.0,402.0,0.0,27.0,14.0,2017-2018
West Bromwich Albion,6.0,19.0,31.0,73.0,1.0,378.0,114.0,7.0,10.0,1.0,1.0,29.0,2.0,2.0,79.0,10.0,56.0,102.0,148.0,469.0,604.0,0.0,993.0,544.0,2.0,1.0,1.0,13218.0,34.0,2699.0,2041.0,784.0,176.0,20552.0,28.0,3.0,446.0,0.0,40.0,5.0,2017-2018
